[{"model": "admin.logentry", "pk": 1, "fields": {"action_time": "2025-03-02T16:35:55.128Z", "user": 1, "content_type": 6, "object_id": "1", "object_repr": "Toyota Camry (2022)", "action_flag": 1, "change_message": "[{\"added\": {}}]"}}, {"model": "admin.logentry", "pk": 2, "fields": {"action_time": "2025-03-02T16:56:56.623Z", "user": 1, "content_type": 6, "object_id": "2", "object_repr": "Hyundai Solaris (2020)", "action_flag": 1, "change_message": "[{\"added\": {}}]"}}, {"model": "admin.logentry", "pk": 3, "fields": {"action_time": "2025-03-02T16:58:35.731Z", "user": 1, "content_type": 6, "object_id": "3", "object_repr": "BMW X5 (2022)", "action_flag": 1, "change_message": "[{\"added\": {}}]"}}, {"model": "admin.logentry", "pk": 4, "fields": {"action_time": "2025-03-02T17:01:12.611Z", "user": 1, "content_type": 6, "object_id": "4", "object_repr": "Mercedes-Benz E-Class (2021)", "action_flag": 1, "change_message": "[{\"added\": {}}]"}}, {"model": "admin.logentry", "pk": 5, "fields": {"action_time": "2025-03-02T17:02:59.804Z", "user": 1, "content_type": 6, "object_id": "5", "object_repr": "Kia Rio (2019)", "action_flag": 1, "change_message": "[{\"added\": {}}]"}}, {"model": "admin.logentry", "pk": 6, "fields": {"action_time": "2025-03-02T17:03:56.455Z", "user": 1, "content_type": 6, "object_id": "6", "object_repr": "Volkswagen Polo (2020)", "action_flag": 1, "change_message": "[{\"added\": {}}]"}}, {"model": "admin.logentry", "pk": 7, "fields": {"action_time": "2025-03-02T17:06:23.389Z", "user": 1, "content_type": 6, "object_id": "7", "object_repr": "Audi A6 (2022)", "action_flag": 1, "change_message": "[{\"added\": {}}]"}}, {"model": "admin.logentry", "pk": 8, "fields": {"action_time": "2025-03-02T17:07:27.666Z", "user": 1, "content_type": 6, "object_id": "8", "object_repr": "Ford Focus (2018)", "action_flag": 1, "change_message": "[{\"added\": {}}]"}}, {"model": "admin.logentry", "pk": 9, "fields": {"action_time": "2025-03-02T17:09:05.061Z", "user": 1, "content_type": 6, "object_id": "9", "object_repr": "Nissan Qashqai (2021)", "action_flag": 1, "change_message": "[{\"added\": {}}]"}}, {"model": "admin.logentry", "pk": 10, "fields": {"action_time": "2025-03-02T17:11:08.451Z", "user": 1, "content_type": 6, "object_id": "10", "object_repr": "Renault Logan (2019)", "action_flag": 1, "change_message": "[{\"added\": {}}]"}}, {"model": "admin.logentry", "pk": 11, "fields": {"action_time": "2025-03-02T17:12:10.606Z", "user": 1, "content_type": 6, "object_id": "11", "object_repr": "Skoda Octavia (2020)", "action_flag": 1, "change_message": "[{\"added\": {}}]"}}, {"model": "admin.logentry", "pk": 12, "fields": {"action_time": "2025-03-02T17:13:15.997Z", "user": 1, "content_type": 6, "object_id": "12", "object_repr": "Mazda CX-5 (2022)", "action_flag": 1, "change_message": "[{\"added\": {}}]"}}, {"model": "admin.logentry", "pk": 13, "fields": {"action_time": "2025-03-02T17:18:38.973Z", "user": 1, "content_type": 6, "object_id": "13", "object_repr": "Chevrolet Cruze (2017)", "action_flag": 1, "change_message": "[{\"added\": {}}]"}}, {"model": "admin.logentry", "pk": 14, "fields": {"action_time": "2025-03-02T17:20:09.439Z", "user": 1, "content_type": 6, "object_id": "14", "object_repr": "Lexus RX 350 (2022)", "action_flag": 1, "change_message": "[{\"added\": {}}]"}}, {"model": "admin.logentry", "pk": 15, "fields": {"action_time": "2025-03-02T17:21:14.196Z", "user": 1, "content_type": 6, "object_id": "15", "object_repr": "Honda Accord (2020)", "action_flag": 1, "change_message": "[{\"added\": {}}]"}}, {"model": "admin.logentry", "pk": 16, "fields": {"action_time": "2025-03-02T17:22:15.519Z", "user": 1, "content_type": 6, "object_id": "16", "object_repr": "Mitsubishi Outlander (2021)", "action_flag": 1, "change_message": "[{\"added\": {}}]"}}, {"model": "admin.logentry", "pk": 17, "fields": {"action_time": "2025-03-02T17:23:36.243Z", "user": 1, "content_type": 6, "object_id": "17", "object_repr": "Subaru Forester (2022)", "action_flag": 1, "change_message": "[{\"added\": {}}]"}}, {"model": "admin.logentry", "pk": 18, "fields": {"action_time": "2025-03-02T17:24:59.967Z", "user": 1, "content_type": 6, "object_id": "18", "object_repr": "Infiniti Q50 (2021)", "action_flag": 1, "change_message": "[{\"added\": {}}]"}}, {"model": "admin.logentry", "pk": 19, "fields": {"action_time": "2025-03-02T17:26:38.429Z", "user": 1, "content_type": 6, "object_id": "19", "object_repr": "Peugeot 408 (2020)", "action_flag": 1, "change_message": "[{\"added\": {}}]"}}, {"model": "admin.logentry", "pk": 20, "fields": {"action_time": "2025-03-02T17:28:20.395Z", "user": 1, "content_type": 6, "object_id": "20", "object_repr": "Tesla Model 3 (2023)", "action_flag": 1, "change_message": "[{\"added\": {}}]"}}, {"model": "admin.logentry", "pk": 21, "fields": {"action_time": "2025-03-05T08:53:53.164Z", "user": 1, "content_type": 8, "object_id": "3", "object_repr": "Оператор", "action_flag": 1, "change_message": "[{\"added\": {}}]"}}, {"model": "admin.logentry", "pk": 22, "fields": {"action_time": "2025-03-05T08:53:57.116Z", "user": 1, "content_type": 8, "object_id": "4", "object_repr": "Технический специалист", "action_flag": 1, "change_message": "[{\"added\": {}}]"}}, {"model": "admin.logentry", "pk": 23, "fields": {"action_time": "2025-03-05T08:53:58.731Z", "user": 1, "content_type": 8, "object_id": "5", "object_repr": "Бухгалтер", "action_flag": 1, "change_message": "[{\"added\": {}}]"}}, {"model": "admin.logentry", "pk": 24, "fields": {"action_time": "2025-03-05T08:54:00.871Z", "user": 1, "content_type": 8, "object_id": "6", "object_repr": "Руководитель", "action_flag": 1, "change_message": "[{\"added\": {}}]"}}, {"model": "admin.logentry", "pk": 25, "fields": {"action_time": "2025-03-05T09:42:26.887Z", "user": 1, "content_type": 9, "object_id": "3", "object_repr": "sewxrr_oper", "action_flag": 1, "change_message": "[{\"added\": {}}]"}}, {"model": "admin.logentry", "pk": 26, "fields": {"action_time": "2025-03-08T23:03:35.084Z", "user": 1, "content_type": 9, "object_id": "4", "object_repr": "sewxrr_tech", "action_flag": 1, "change_message": "[{\"added\": {}}]"}}, {"model": "admin.logentry", "pk": 27, "fields": {"action_time": "2025-03-08T23:05:43.088Z", "user": 1, "content_type": 9, "object_id": "5", "object_repr": "sewxrr_acc", "action_flag": 1, "change_message": "[{\"added\": {}}]"}}, {"model": "admin.logentry", "pk": 28, "fields": {"action_time": "2025-03-08T23:06:19.781Z", "user": 1, "content_type": 9, "object_id": "6", "object_repr": "sewxrr_man", "action_flag": 1, "change_message": "[{\"added\": {}}]"}}, {"model": "admin.logentry", "pk": 29, "fields": {"action_time": "2025-03-09T00:42:39.137Z", "user": 1, "content_type": 6, "object_id": "1", "object_repr": "Toyota Camry (2022)", "action_flag": 2, "change_message": "[{\"changed\": {\"fields\": [\"\\u0421\\u043e\\u0441\\u0442\\u043e\\u044f\\u043d\\u0438\\u0435\"]}}]"}}, {"model": "admin.logentry", "pk": 30, "fields": {"action_time": "2025-03-09T00:43:10.127Z", "user": 1, "content_type": 6, "object_id": "2", "object_repr": "Hyundai Solaris (2020)", "action_flag": 2, "change_message": "[{\"changed\": {\"fields\": [\"\\u0421\\u043e\\u0441\\u0442\\u043e\\u044f\\u043d\\u0438\\u0435\"]}}]"}}, {"model": "admin.logentry", "pk": 31, "fields": {"action_time": "2025-03-09T00:43:14.706Z", "user": 1, "content_type": 6, "object_id": "3", "object_repr": "BMW X5 (2022)", "action_flag": 2, "change_message": "[{\"changed\": {\"fields\": [\"\\u0421\\u043e\\u0441\\u0442\\u043e\\u044f\\u043d\\u0438\\u0435\"]}}]"}}, {"model": "admin.logentry", "pk": 32, "fields": {"action_time": "2025-03-09T00:43:27.000Z", "user": 1, "content_type": 6, "object_id": "4", "object_repr": "Mercedes-Benz E-Class (2021)", "action_flag": 2, "change_message": "[{\"changed\": {\"fields\": [\"\\u0421\\u043e\\u0441\\u0442\\u043e\\u044f\\u043d\\u0438\\u0435\"]}}]"}}, {"model": "admin.logentry", "pk": 33, "fields": {"action_time": "2025-03-09T00:43:31.417Z", "user": 1, "content_type": 6, "object_id": "5", "object_repr": "Kia Rio (2019)", "action_flag": 2, "change_message": "[{\"changed\": {\"fields\": [\"\\u0421\\u043e\\u0441\\u0442\\u043e\\u044f\\u043d\\u0438\\u0435\"]}}]"}}, {"model": "admin.logentry", "pk": 34, "fields": {"action_time": "2025-03-09T00:43:35.649Z", "user": 1, "content_type": 6, "object_id": "5", "object_repr": "Kia Rio (2019)", "action_flag": 2, "change_message": "[]"}}, {"model": "admin.logentry", "pk": 35, "fields": {"action_time": "2025-03-09T00:44:12.187Z", "user": 1, "content_type": 6, "object_id": "6", "object_repr": "Volkswagen Polo (2020)", "action_flag": 2, "change_message": "[{\"changed\": {\"fields\": [\"\\u0421\\u043e\\u0441\\u0442\\u043e\\u044f\\u043d\\u0438\\u0435\"]}}]"}}, {"model": "admin.logentry", "pk": 36, "fields": {"action_time": "2025-03-09T00:44:32.687Z", "user": 1, "content_type": 6, "object_id": "7", "object_repr": "Audi A6 (2022)", "action_flag": 2, "change_message": "[{\"changed\": {\"fields\": [\"\\u0421\\u043e\\u0441\\u0442\\u043e\\u044f\\u043d\\u0438\\u0435\"]}}]"}}, {"model": "admin.logentry", "pk": 37, "fields": {"action_time": "2025-03-09T00:44:38.675Z", "user": 1, "content_type": 6, "object_id": "8", "object_repr": "Ford Focus (2018)", "action_flag": 2, "change_message": "[{\"changed\": {\"fields\": [\"\\u0421\\u043e\\u0441\\u0442\\u043e\\u044f\\u043d\\u0438\\u0435\"]}}]"}}, {"model": "admin.logentry", "pk": 38, "fields": {"action_time": "2025-03-09T00:44:51.115Z", "user": 1, "content_type": 6, "object_id": "9", "object_repr": "Nissan Qashqai (2021)", "action_flag": 2, "change_message": "[{\"changed\": {\"fields\": [\"\\u0421\\u043e\\u0441\\u0442\\u043e\\u044f\\u043d\\u0438\\u0435\"]}}]"}}, {"model": "admin.logentry", "pk": 39, "fields": {"action_time": "2025-03-09T00:44:57.109Z", "user": 1, "content_type": 6, "object_id": "10", "object_repr": "Renault Logan (2019)", "action_flag": 2, "change_message": "[{\"changed\": {\"fields\": [\"\\u0421\\u043e\\u0441\\u0442\\u043e\\u044f\\u043d\\u0438\\u0435\"]}}]"}}, {"model": "admin.logentry", "pk": 40, "fields": {"action_time": "2025-03-09T00:45:50.545Z", "user": 1, "content_type": 6, "object_id": "11", "object_repr": "Skoda Octavia (2020)", "action_flag": 2, "change_message": "[{\"changed\": {\"fields\": [\"\\u0421\\u043e\\u0441\\u0442\\u043e\\u044f\\u043d\\u0438\\u0435\"]}}]"}}, {"model": "admin.logentry", "pk": 41, "fields": {"action_time": "2025-03-09T00:45:55.921Z", "user": 1, "content_type": 6, "object_id": "12", "object_repr": "Mazda CX-5 (2022)", "action_flag": 2, "change_message": "[{\"changed\": {\"fields\": [\"\\u0421\\u043e\\u0441\\u0442\\u043e\\u044f\\u043d\\u0438\\u0435\"]}}]"}}, {"model": "admin.logentry", "pk": 42, "fields": {"action_time": "2025-03-09T00:46:08.571Z", "user": 1, "content_type": 6, "object_id": "13", "object_repr": "Chevrolet Cruze (2017)", "action_flag": 2, "change_message": "[{\"changed\": {\"fields\": [\"\\u0421\\u043e\\u0441\\u0442\\u043e\\u044f\\u043d\\u0438\\u0435\"]}}]"}}, {"model": "admin.logentry", "pk": 43, "fields": {"action_time": "2025-03-09T00:46:28.854Z", "user": 1, "content_type": 6, "object_id": "19", "object_repr": "Peugeot 408 (2020)", "action_flag": 2, "change_message": "[{\"changed\": {\"fields\": [\"\\u0421\\u043e\\u0441\\u0442\\u043e\\u044f\\u043d\\u0438\\u0435\"]}}]"}}, {"model": "admin.logentry", "pk": 44, "fields": {"action_time": "2025-03-09T00:46:32.764Z", "user": 1, "content_type": 6, "object_id": "20", "object_repr": "Tesla Model 3 (2023)", "action_flag": 2, "change_message": "[{\"changed\": {\"fields\": [\"\\u0421\\u043e\\u0441\\u0442\\u043e\\u044f\\u043d\\u0438\\u0435\"]}}]"}}, {"model": "admin.logentry", "pk": 45, "fields": {"action_time": "2025-03-09T00:46:45.443Z", "user": 1, "content_type": 6, "object_id": "18", "object_repr": "Infiniti Q50 (2021)", "action_flag": 2, "change_message": "[{\"changed\": {\"fields\": [\"\\u0421\\u043e\\u0441\\u0442\\u043e\\u044f\\u043d\\u0438\\u0435\"]}}]"}}, {"model": "admin.logentry", "pk": 46, "fields": {"action_time": "2025-03-09T00:46:48.529Z", "user": 1, "content_type": 6, "object_id": "17", "object_repr": "Subaru Forester (2022)", "action_flag": 2, "change_message": "[{\"changed\": {\"fields\": [\"\\u0421\\u043e\\u0441\\u0442\\u043e\\u044f\\u043d\\u0438\\u0435\"]}}]"}}, {"model": "admin.logentry", "pk": 47, "fields": {"action_time": "2025-03-09T00:46:51.661Z", "user": 1, "content_type": 6, "object_id": "16", "object_repr": "Mitsubishi Outlander (2021)", "action_flag": 2, "change_message": "[{\"changed\": {\"fields\": [\"\\u0421\\u043e\\u0441\\u0442\\u043e\\u044f\\u043d\\u0438\\u0435\"]}}]"}}, {"model": "admin.logentry", "pk": 48, "fields": {"action_time": "2025-03-09T00:47:01.412Z", "user": 1, "content_type": 6, "object_id": "15", "object_repr": "Honda Accord (2020)", "action_flag": 2, "change_message": "[{\"changed\": {\"fields\": [\"\\u0421\\u043e\\u0441\\u0442\\u043e\\u044f\\u043d\\u0438\\u0435\"]}}]"}}, {"model": "admin.logentry", "pk": 49, "fields": {"action_time": "2025-03-09T00:47:10.451Z", "user": 1, "content_type": 6, "object_id": "14", "object_repr": "Lexus RX 350 (2022)", "action_flag": 2, "change_message": "[{\"changed\": {\"fields\": [\"\\u0421\\u043e\\u0441\\u0442\\u043e\\u044f\\u043d\\u0438\\u0435\"]}}]"}}, {"model": "admin.logentry", "pk": 50, "fields": {"action_time": "2025-03-09T14:17:52.829Z", "user": 1, "content_type": 10, "object_id": "1", "object_repr": "Maintenance for Chevrolet Cruze (2017) on 2025-03-09", "action_flag": 2, "change_message": "[]"}}, {"model": "admin.logentry", "pk": 51, "fields": {"action_time": "2025-03-09T14:18:56.968Z", "user": 1, "content_type": 6, "object_id": "10", "object_repr": "Renault Logan (2019)", "action_flag": 2, "change_message": "[{\"changed\": {\"fields\": [\"\\u0421\\u043e\\u0441\\u0442\\u043e\\u044f\\u043d\\u0438\\u0435\"]}}]"}}, {"model": "admin.logentry", "pk": 52, "fields": {"action_time": "2025-03-09T14:28:36.725Z", "user": 1, "content_type": 6, "object_id": "5", "object_repr": "Kia Rio (2019)", "action_flag": 2, "change_message": "[{\"changed\": {\"fields\": [\"\\u0421\\u043e\\u0441\\u0442\\u043e\\u044f\\u043d\\u0438\\u0435\"]}}]"}}, {"model": "admin.logentry", "pk": 53, "fields": {"action_time": "2025-03-09T14:29:13.767Z", "user": 1, "content_type": 6, "object_id": "8", "object_repr": "Ford Focus (2018)", "action_flag": 2, "change_message": "[{\"changed\": {\"fields\": [\"\\u0421\\u043e\\u0441\\u0442\\u043e\\u044f\\u043d\\u0438\\u0435\"]}}]"}}, {"model": "admin.logentry", "pk": 54, "fields": {"action_time": "2025-03-10T16:24:09.190Z", "user": 1, "content_type": 6, "object_id": "9", "object_repr": "Nissan Qashqai (2021)", "action_flag": 2, "change_message": "[{\"changed\": {\"fields\": [\"\\u0421\\u043e\\u0441\\u0442\\u043e\\u044f\\u043d\\u0438\\u0435\"]}}]"}}, {"model": "admin.logentry", "pk": 55, "fields": {"action_time": "2025-03-10T16:26:42.282Z", "user": 1, "content_type": 6, "object_id": "9", "object_repr": "Nissan Qashqai (2021)", "action_flag": 2, "change_message": "[{\"changed\": {\"fields\": [\"\\u0421\\u043e\\u0441\\u0442\\u043e\\u044f\\u043d\\u0438\\u0435\"]}}]"}}, {"model": "admin.logentry", "pk": 56, "fields": {"action_time": "2025-03-10T16:27:55.981Z", "user": 1, "content_type": 6, "object_id": "9", "object_repr": "Nissan Qashqai (2021)", "action_flag": 2, "change_message": "[{\"changed\": {\"fields\": [\"\\u0421\\u0442\\u0430\\u0442\\u0443\\u0441\"]}}]"}}, {"model": "admin.logentry", "pk": 57, "fields": {"action_time": "2025-03-10T16:28:18.361Z", "user": 1, "content_type": 6, "object_id": "9", "object_repr": "Nissan Qashqai (2021)", "action_flag": 2, "change_message": "[{\"changed\": {\"fields\": [\"\\u0421\\u0442\\u0430\\u0442\\u0443\\u0441\"]}}]"}}, {"model": "admin.logentry", "pk": 58, "fields": {"action_time": "2025-03-10T16:28:32.065Z", "user": 1, "content_type": 6, "object_id": "9", "object_repr": "Nissan Qashqai (2021)", "action_flag": 2, "change_message": "[{\"changed\": {\"fields\": [\"\\u0421\\u0442\\u0430\\u0442\\u0443\\u0441\"]}}]"}}, {"model": "admin.logentry", "pk": 59, "fields": {"action_time": "2025-03-10T16:29:40.278Z", "user": 1, "content_type": 6, "object_id": "9", "object_repr": "Nissan Qashqai (2021)", "action_flag": 2, "change_message": "[{\"changed\": {\"fields\": [\"\\u0421\\u0442\\u0430\\u0442\\u0443\\u0441\"]}}]"}}, {"model": "admin.logentry", "pk": 60, "fields": {"action_time": "2025-03-10T16:33:05.931Z", "user": 1, "content_type": 6, "object_id": "9", "object_repr": "Nissan Qashqai (2021)", "action_flag": 2, "change_message": "[{\"changed\": {\"fields\": [\"\\u0421\\u0442\\u0430\\u0442\\u0443\\u0441\"]}}]"}}, {"model": "admin.logentry", "pk": 61, "fields": {"action_time": "2025-03-10T16:33:17.538Z", "user": 1, "content_type": 6, "object_id": "9", "object_repr": "Nissan Qashqai (2021)", "action_flag": 2, "change_message": "[{\"changed\": {\"fields\": [\"\\u0421\\u0442\\u0430\\u0442\\u0443\\u0441\"]}}]"}}, {"model": "admin.logentry", "pk": 62, "fields": {"action_time": "2025-03-10T16:33:41.077Z", "user": 1, "content_type": 6, "object_id": "9", "object_repr": "Nissan Qashqai (2021)", "action_flag": 2, "change_message": "[{\"changed\": {\"fields\": [\"\\u0421\\u0442\\u0430\\u0442\\u0443\\u0441\"]}}]"}}, {"model": "admin.logentry", "pk": 63, "fields": {"action_time": "2025-03-12T11:46:04.345Z", "user": 1, "content_type": 10, "object_id": "5", "object_repr": "Maintenance for Lexus RX 350 (2022) on 2025-03-12", "action_flag": 1, "change_message": "[{\"added\": {}}]"}}, {"model": "admin.logentry", "pk": 64, "fields": {"action_time": "2025-03-12T11:46:17.684Z", "user": 1, "content_type": 10, "object_id": "6", "object_repr": "Maintenance for Volkswagen Polo (2020) on 2025-03-12", "action_flag": 1, "change_message": "[{\"added\": {}}]"}}, {"model": "admin.logentry", "pk": 65, "fields": {"action_time": "2025-03-12T11:46:36.621Z", "user": 1, "content_type": 10, "object_id": "5", "object_repr": "Maintenance for Lexus RX 350 (2022) on 2025-03-12", "action_flag": 2, "change_message": "[{\"changed\": {\"fields\": [\"Cost\"]}}]"}}, {"model": "admin.logentry", "pk": 66, "fields": {"action_time": "2025-03-12T11:46:55.451Z", "user": 1, "content_type": 10, "object_id": "7", "object_repr": "Maintenance for Infiniti Q50 (2021) on 2025-03-12", "action_flag": 1, "change_message": "[{\"added\": {}}]"}}, {"model": "admin.logentry", "pk": 67, "fields": {"action_time": "2025-03-12T11:47:04.754Z", "user": 1, "content_type": 10, "object_id": "8", "object_repr": "Maintenance for Skoda Octavia (2020) on 2025-03-12", "action_flag": 1, "change_message": "[{\"added\": {}}]"}}, {"model": "admin.logentry", "pk": 68, "fields": {"action_time": "2025-03-12T11:47:14.007Z", "user": 1, "content_type": 10, "object_id": "9", "object_repr": "Maintenance for Peugeot 408 (2020) on 2025-03-12", "action_flag": 1, "change_message": "[{\"added\": {}}]"}}, {"model": "admin.logentry", "pk": 69, "fields": {"action_time": "2025-03-12T11:47:30.081Z", "user": 1, "content_type": 10, "object_id": "10", "object_repr": "Maintenance for Audi A6 (2022) on 2025-03-12", "action_flag": 1, "change_message": "[{\"added\": {}}]"}}, {"model": "admin.logentry", "pk": 70, "fields": {"action_time": "2025-03-12T11:48:49.656Z", "user": 1, "content_type": 12, "object_id": "5", "object_repr": "Штраф 10000 руб. для аренды 24", "action_flag": 1, "change_message": "[{\"added\": {}}]"}}, {"model": "admin.logentry", "pk": 71, "fields": {"action_time": "2025-03-12T11:48:58.991Z", "user": 1, "content_type": 12, "object_id": "6", "object_repr": "Штраф 4000 руб. для аренды 22", "action_flag": 1, "change_message": "[{\"added\": {}}]"}}, {"model": "admin.logentry", "pk": 72, "fields": {"action_time": "2025-03-12T11:49:14.322Z", "user": 1, "content_type": 12, "object_id": "7", "object_repr": "Штраф 10000 руб. для аренды 16", "action_flag": 1, "change_message": "[{\"added\": {}}]"}}, {"model": "admin.logentry", "pk": 73, "fields": {"action_time": "2025-03-12T11:49:23.684Z", "user": 1, "content_type": 12, "object_id": "8", "object_repr": "Штраф 5000 руб. для аренды 18", "action_flag": 1, "change_message": "[{\"added\": {}}]"}}, {"model": "admin.logentry", "pk": 74, "fields": {"action_time": "2025-03-12T11:49:36.031Z", "user": 1, "content_type": 12, "object_id": "9", "object_repr": "Штраф 13000 руб. для аренды 15", "action_flag": 1, "change_message": "[{\"added\": {}}]"}}, {"model": "admin.logentry", "pk": 75, "fields": {"action_time": "2025-03-12T11:49:44.298Z", "user": 1, "content_type": 12, "object_id": "10", "object_repr": "Штраф 7000 руб. для аренды 17", "action_flag": 1, "change_message": "[{\"added\": {}}]"}}, {"model": "admin.logentry", "pk": 76, "fields": {"action_time": "2025-03-12T11:49:56.287Z", "user": 1, "content_type": 12, "object_id": "11", "object_repr": "Штраф 10000 руб. для аренды 21", "action_flag": 1, "change_message": "[{\"added\": {}}]"}}, {"model": "admin.logentry", "pk": 77, "fields": {"action_time": "2025-03-12T11:50:06.034Z", "user": 1, "content_type": 12, "object_id": "12", "object_repr": "Штраф 7000 руб. для аренды 14", "action_flag": 1, "change_message": "[{\"added\": {}}]"}}, {"model": "auth.permission", "pk": 1, "fields": {"name": "Can add log entry", "content_type": 1, "codename": "add_logentry"}}, {"model": "auth.permission", "pk": 2, "fields": {"name": "Can change log entry", "content_type": 1, "codename": "change_logentry"}}, {"model": "auth.permission", "pk": 3, "fields": {"name": "Can delete log entry", "content_type": 1, "codename": "delete_logentry"}}, {"model": "auth.permission", "pk": 4, "fields": {"name": "Can view log entry", "content_type": 1, "codename": "view_logentry"}}, {"model": "auth.permission", "pk": 5, "fields": {"name": "Can add permission", "content_type": 2, "codename": "add_permission"}}, {"model": "auth.permission", "pk": 6, "fields": {"name": "Can change permission", "content_type": 2, "codename": "change_permission"}}, {"model": "auth.permission", "pk": 7, "fields": {"name": "Can delete permission", "content_type": 2, "codename": "delete_permission"}}, {"model": "auth.permission", "pk": 8, "fields": {"name": "Can view permission", "content_type": 2, "codename": "view_permission"}}, {"model": "auth.permission", "pk": 9, "fields": {"name": "Can add group", "content_type": 3, "codename": "add_group"}}, {"model": "auth.permission", "pk": 10, "fields": {"name": "Can change group", "content_type": 3, "codename": "change_group"}}, {"model": "auth.permission", "pk": 11, "fields": {"name": "Can delete group", "content_type": 3, "codename": "delete_group"}}, {"model": "auth.permission", "pk": 12, "fields": {"name": "Can view group", "content_type": 3, "codename": "view_group"}}, {"model": "auth.permission", "pk": 13, "fields": {"name": "Can add content type", "content_type": 4, "codename": "add_contenttype"}}, {"model": "auth.permission", "pk": 14, "fields": {"name": "Can change content type", "content_type": 4, "codename": "change_contenttype"}}, {"model": "auth.permission", "pk": 15, "fields": {"name": "Can delete content type", "content_type": 4, "codename": "delete_contenttype"}}, {"model": "auth.permission", "pk": 16, "fields": {"name": "Can view content type", "content_type": 4, "codename": "view_contenttype"}}, {"model": "auth.permission", "pk": 17, "fields": {"name": "Can add session", "content_type": 5, "codename": "add_session"}}, {"model": "auth.permission", "pk": 18, "fields": {"name": "Can change session", "content_type": 5, "codename": "change_session"}}, {"model": "auth.permission", "pk": 19, "fields": {"name": "Can delete session", "content_type": 5, "codename": "delete_session"}}, {"model": "auth.permission", "pk": 20, "fields": {"name": "Can view session", "content_type": 5, "codename": "view_session"}}, {"model": "auth.permission", "pk": 21, "fields": {"name": "Can add car", "content_type": 6, "codename": "add_car"}}, {"model": "auth.permission", "pk": 22, "fields": {"name": "Can change car", "content_type": 6, "codename": "change_car"}}, {"model": "auth.permission", "pk": 23, "fields": {"name": "Can delete car", "content_type": 6, "codename": "delete_car"}}, {"model": "auth.permission", "pk": 24, "fields": {"name": "Can view car", "content_type": 6, "codename": "view_car"}}, {"model": "auth.permission", "pk": 25, "fields": {"name": "Can add discount", "content_type": 7, "codename": "add_discount"}}, {"model": "auth.permission", "pk": 26, "fields": {"name": "Can change discount", "content_type": 7, "codename": "change_discount"}}, {"model": "auth.permission", "pk": 27, "fields": {"name": "Can delete discount", "content_type": 7, "codename": "delete_discount"}}, {"model": "auth.permission", "pk": 28, "fields": {"name": "Can view discount", "content_type": 7, "codename": "view_discount"}}, {"model": "auth.permission", "pk": 29, "fields": {"name": "Can add role", "content_type": 8, "codename": "add_role"}}, {"model": "auth.permission", "pk": 30, "fields": {"name": "Can change role", "content_type": 8, "codename": "change_role"}}, {"model": "auth.permission", "pk": 31, "fields": {"name": "Can delete role", "content_type": 8, "codename": "delete_role"}}, {"model": "auth.permission", "pk": 32, "fields": {"name": "Can view role", "content_type": 8, "codename": "view_role"}}, {"model": "auth.permission", "pk": 33, "fields": {"name": "Can add user", "content_type": 9, "codename": "add_user"}}, {"model": "auth.permission", "pk": 34, "fields": {"name": "Can change user", "content_type": 9, "codename": "change_user"}}, {"model": "auth.permission", "pk": 35, "fields": {"name": "Can delete user", "content_type": 9, "codename": "delete_user"}}, {"model": "auth.permission", "pk": 36, "fields": {"name": "Can view user", "content_type": 9, "codename": "view_user"}}, {"model": "auth.permission", "pk": 37, "fields": {"name": "Can add maintenance", "content_type": 10, "codename": "add_maintenance"}}, {"model": "auth.permission", "pk": 38, "fields": {"name": "Can change maintenance", "content_type": 10, "codename": "change_maintenance"}}, {"model": "auth.permission", "pk": 39, "fields": {"name": "Can delete maintenance", "content_type": 10, "codename": "delete_maintenance"}}, {"model": "auth.permission", "pk": 40, "fields": {"name": "Can view maintenance", "content_type": 10, "codename": "view_maintenance"}}, {"model": "auth.permission", "pk": 41, "fields": {"name": "Can add rental", "content_type": 11, "codename": "add_rental"}}, {"model": "auth.permission", "pk": 42, "fields": {"name": "Can change rental", "content_type": 11, "codename": "change_rental"}}, {"model": "auth.permission", "pk": 43, "fields": {"name": "Can delete rental", "content_type": 11, "codename": "delete_rental"}}, {"model": "auth.permission", "pk": 44, "fields": {"name": "Can view rental", "content_type": 11, "codename": "view_rental"}}, {"model": "auth.permission", "pk": 45, "fields": {"name": "Can add penalty", "content_type": 12, "codename": "add_penalty"}}, {"model": "auth.permission", "pk": 46, "fields": {"name": "Can change penalty", "content_type": 12, "codename": "change_penalty"}}, {"model": "auth.permission", "pk": 47, "fields": {"name": "Can delete penalty", "content_type": 12, "codename": "delete_penalty"}}, {"model": "auth.permission", "pk": 48, "fields": {"name": "Can view penalty", "content_type": 12, "codename": "view_penalty"}}, {"model": "auth.permission", "pk": 49, "fields": {"name": "Can add user profile", "content_type": 13, "codename": "add_userprofile"}}, {"model": "auth.permission", "pk": 50, "fields": {"name": "Can change user profile", "content_type": 13, "codename": "change_userprofile"}}, {"model": "auth.permission", "pk": 51, "fields": {"name": "Can delete user profile", "content_type": 13, "codename": "delete_userprofile"}}, {"model": "auth.permission", "pk": 52, "fields": {"name": "Can view user profile", "content_type": 13, "codename": "view_userprofile"}}, {"model": "auth.permission", "pk": 53, "fields": {"name": "Can add Token", "content_type": 14, "codename": "add_token"}}, {"model": "auth.permission", "pk": 54, "fields": {"name": "Can change Token", "content_type": 14, "codename": "change_token"}}, {"model": "auth.permission", "pk": 55, "fields": {"name": "Can delete Token", "content_type": 14, "codename": "delete_token"}}, {"model": "auth.permission", "pk": 56, "fields": {"name": "Can view Token", "content_type": 14, "codename": "view_token"}}, {"model": "auth.permission", "pk": 57, "fields": {"name": "Can add Token", "content_type": 15, "codename": "add_tokenproxy"}}, {"model": "auth.permission", "pk": 58, "fields": {"name": "Can change Token", "content_type": 15, "codename": "change_tokenproxy"}}, {"model": "auth.permission", "pk": 59, "fields": {"name": "Can delete Token", "content_type": 15, "codename": "delete_tokenproxy"}}, {"model": "auth.permission", "pk": 60, "fields": {"name": "Can view Token", "content_type": 15, "codename": "view_tokenproxy"}}, {"model": "auth.permission", "pk": 61, "fields": {"name": "Can add profile", "content_type": 16, "codename": "add_profile"}}, {"model": "auth.permission", "pk": 62, "fields": {"name": "Can change profile", "content_type": 16, "codename": "change_profile"}}, {"model": "auth.permission", "pk": 63, "fields": {"name": "Can delete profile", "content_type": 16, "codename": "delete_profile"}}, {"model": "auth.permission", "pk": 64, "fields": {"name": "Can view profile", "content_type": 16, "codename": "view_profile"}}, {"model": "contenttypes.contenttype", "pk": 1, "fields": {"app_label": "admin", "model": "logentry"}}, {"model": "contenttypes.contenttype", "pk": 2, "fields": {"app_label": "auth", "model": "permission"}}, {"model": "contenttypes.contenttype", "pk": 3, "fields": {"app_label": "auth", "model": "group"}}, {"model": "contenttypes.contenttype", "pk": 4, "fields": {"app_label": "contenttypes", "model": "contenttype"}}, {"model": "contenttypes.contenttype", "pk": 5, "fields": {"app_label": "sessions", "model": "session"}}, {"model": "contenttypes.contenttype", "pk": 6, "fields": {"app_label": "rentApp", "model": "car"}}, {"model": "contenttypes.contenttype", "pk": 7, "fields": {"app_label": "rentApp", "model": "discount"}}, {"model": "contenttypes.contenttype", "pk": 8, "fields": {"app_label": "rentApp", "model": "role"}}, {"model": "contenttypes.contenttype", "pk": 9, "fields": {"app_label": "rentApp", "model": "user"}}, {"model": "contenttypes.contenttype", "pk": 10, "fields": {"app_label": "rentApp", "model": "maintenance"}}, {"model": "contenttypes.contenttype", "pk": 11, "fields": {"app_label": "rentApp", "model": "rental"}}, {"model": "contenttypes.contenttype", "pk": 12, "fields": {"app_label": "rentApp", "model": "penalty"}}, {"model": "contenttypes.contenttype", "pk": 13, "fields": {"app_label": "rentApp", "model": "userprofile"}}, {"model": "contenttypes.contenttype", "pk": 14, "fields": {"app_label": "authtoken", "model": "token"}}, {"model": "contenttypes.contenttype", "pk": 15, "fields": {"app_label": "authtoken", "model": "tokenproxy"}}, {"model": "contenttypes.contenttype", "pk": 16, "fields": {"app_label": "rentApp", "model": "profile"}}, {"model": "sessions.session", "pk": "1hkp4xegoxshqtycxh3h8d8vcgkl4zkl", "fields": {"session_data": ".eJxVjDsOwjAQBe_iGln-bZxQ0nMGa-1d4wCypTipEHeHSCmgfTPzXiLgtpawdV7CTOIstDj9bhHTg-sO6I711mRqdV3mKHdFHrTLayN-Xg7376BgL9_aEngzmewxZrAeJjdYzaQ8I-WoTOZoDJJDUDql0ZEbxpS1d6CYIaN4fwDokDhb:1to4m5:kZoZnRbRZ8GPAjV2cRrg2EiPJa0cUUYAwfKQkUdTYSw", "expire_date": "2025-03-14T18:07:49.407Z"}}, {"model": "sessions.session", "pk": "5rmxeytrp14ksd7ge5s289mueqd4wofq", "fields": {"session_data": ".eJxVjDsOwjAQBe_iGln-bZxQ0nMGa-1d4wCypTipEHeHSCmgfTPzXiLgtpawdV7CTOIstDj9bhHTg-sO6I711mRqdV3mKHdFHrTLayN-Xg7376BgL9_aEngzmewxZrAeJjdYzaQ8I-WoTOZoDJJDUDql0ZEbxpS1d6CYIaN4fwDokDhb:1tr3C5:PYsPp4Wx_moY0iz88nhQ9ZMjogJVqGIrVeNZpq0rVCg", "expire_date": "2025-03-22T23:02:57.536Z"}}, {"model": "sessions.session", "pk": "joenysxcz8kiji8qkp0f50s10xfkx0np", "fields": {"session_data": ".eJxVjDsOwjAQBe_iGln-bZxQ0nMGa-1d4wCypTipEHeHSCmgfTPzXiLgtpawdV7CTOIstDj9bhHTg-sO6I711mRqdV3mKHdFHrTLayN-Xg7376BgL9_aEngzmewxZrAeJjdYzaQ8I-WoTOZoDJJDUDql0ZEbxpS1d6CYIaN4fwDokDhb:1tom61:8lJbKl6RpevzoyCGNOqXroSB3tBjoqCY6E9M3_VZZZY", "expire_date": "2025-03-16T16:23:17.587Z"}}, {"model": "sessions.session", "pk": "osao923lvtnjkmhqhmwjj3gtjz0rtxnv", "fields": {"session_data": ".eJxVjDEOwjAMRe-SGUVJbJWEkZ0zVI5jkwJqpaadKu4OlTrA-t97fzM9rUvt1yZzPxRzMd6cfrdM_JRxB-VB432yPI3LPGS7K_agzd6mIq_r4f4dVGr1W4OeMbrkfUAAj4gQNRUlAkgpq5DkxC5IB9wFJXUSI0tQFt8V5GjeH82lODs:1tttMh:gBoGED7_cTWJBBK0xGhiHyV5oHr9ADHUXJjAu4RtCic", "expire_date": "2025-03-30T19:09:39.533Z"}}, {"model": "rentApp.role", "pk": 1, "fields": {"name": "admin"}}, {"model": "rentApp.role", "pk": 2, "fields": {"name": "client"}}, {"model": "rentApp.role", "pk": 3, "fields": {"name": "operator"}}, {"model": "rentApp.role", "pk": 4, "fields": {"name": "technician"}}, {"model": "rentApp.role", "pk": 5, "fields": {"name": "accountant"}}, {"model": "rentApp.role", "pk": 6, "fields": {"name": "manager"}}, {"model": "rentApp.discount", "pk": 1, "fields": {"discount_rate": 5}}, {"model": "rentApp.discount", "pk": 2, "fields": {"discount_rate": 10}}, {"model": "rentApp.discount", "pk": 3, "fields": {"discount_rate": 15}}, {"model": "rentApp.discount", "pk": 4, "fields": {"discount_rate": 20}}, {"model": "rentApp.user", "pk": 1, "fields": {"password": "pbkdf2_sha256$870000$inEQD8uPhWENjP5aDWmwmz$Epmuat2Gaettanfffq+CoYxxfpTH+Uy3jLzkL/slvmk=", "last_login": "2025-03-16T19:09:39.529Z", "is_superuser": true, "username": "sewxr", "first_name": "", "last_name": "", "email": "vacvac443@gmail.com", "is_staff": true, "is_active": true, "date_joined": "2025-02-28T18:06:03.209Z", "role": 1, "middle_name": null, "phone": "", "address": "", "passport_number": null, "driver_license": null, "completed_rentals": 0, "discount": null, "groups": [], "user_permissions": []}}, {"model": "rentApp.user", "pk": 2, "fields": {"password": "pbkdf2_sha256$870000$KA6nwShp7hW7lq56jOBVdZ$0Ho5zMIFo/iDVKef4Ez4JVoTyUBeUNBN2A/Tz6Yb/vY=", "last_login": null, "is_superuser": false, "username": "sewxrr_test", "first_name": "Иван", "last_name": "Иванов", "email": "tt@mail.ru", "is_staff": false, "is_active": true, "date_joined": "2025-03-02T16:05:40.425Z", "role": 2, "middle_name": "Иванович", "phone": "89008007070", "address": "г. Санкт-Петербург, пр. Энгельса, 23", "passport_number": "4219203040", "driver_license": "4219203040", "completed_rentals": 0, "discount": 2, "groups": [], "user_permissions": []}}, {"model": "rentApp.user", "pk": 3, "fields": {"password": "pbkdf2_sha256$870000$nM4ml9UxE5MJoRErzkFBKx$vcEGH+0YVH+C4KinV4xKgS/tYN7V8dL9jPIjVYi8W6I=", "last_login": null, "is_superuser": false, "username": "sewxrr_oper", "first_name": "", "last_name": "", "email": "", "is_staff": false, "is_active": true, "date_joined": "2025-03-05T09:42:26.455Z", "role": 3, "middle_name": null, "phone": "", "address": "", "passport_number": "", "driver_license": "", "completed_rentals": 0, "discount": null, "groups": [], "user_permissions": []}}, {"model": "rentApp.user", "pk": 4, "fields": {"password": "pbkdf2_sha256$870000$b2CTOv9QRjFmpjRl6nvzcL$l1sSlZAgjdNobeRo3tnKoLjO0RhTAml1qM75GrcdFv8=", "last_login": null, "is_superuser": false, "username": "sewxrr_tech", "first_name": "", "last_name": "", "email": "", "is_staff": false, "is_active": true, "date_joined": "2025-03-08T23:03:34.551Z", "role": 4, "middle_name": null, "phone": null, "address": null, "passport_number": null, "driver_license": null, "completed_rentals": 0, "discount": null, "groups": [], "user_permissions": []}}, {"model": "rentApp.user", "pk": 5, "fields": {"password": "pbkdf2_sha256$870000$dbHM8Rffny3ZpwUDWdU0My$siDISoaC+g/kNGCwISm+3/vXkz+xbpIG/SxMJwICJqc=", "last_login": null, "is_superuser": false, "username": "sewxrr_acc", "first_name": "", "last_name": "", "email": "", "is_staff": false, "is_active": true, "date_joined": "2025-03-08T23:05:42.601Z", "role": 5, "middle_name": null, "phone": null, "address": null, "passport_number": null, "driver_license": null, "completed_rentals": 0, "discount": null, "groups": [], "user_permissions": []}}, {"model": "rentApp.user", "pk": 6, "fields": {"password": "pbkdf2_sha256$870000$Fee7opwaioV9CIhnmxsfdQ$f7Vo78klVpqD8Zm1ov3qeCkWep4cPEYoI0Wi/gidZVI=", "last_login": null, "is_superuser": false, "username": "sewxrr_man", "first_name": "", "last_name": "", "email": "", "is_staff": false, "is_active": true, "date_joined": "2025-03-08T23:06:19.348Z", "role": 6, "middle_name": null, "phone": null, "address": null, "passport_number": null, "driver_license": null, "completed_rentals": 0, "discount": null, "groups": [], "user_permissions": []}}, {"model": "rentApp.user", "pk": 7, "fields": {"password": "pbkdf2_sha256$870000$sDQRZ1N3L6Jc97uZXxjLzQ$RwPIk/TmJRTO8TZIKdD0XajQLLof5NKQYAlTR/yiT/s=", "last_login": null, "is_superuser": false, "username": "sewxrr_test1", "first_name": "", "last_name": "", "email": "", "is_staff": false, "is_active": true, "date_joined": "2025-03-12T05:22:03.223Z", "role": 2, "middle_name": null, "phone": null, "address": null, "passport_number": null, "driver_license": null, "completed_rentals": 0, "discount": null, "groups": [], "user_permissions": []}}, {"model": "rentApp.car", "pk": 1, "fields": {"brand": "Toyota", "model": "Camry", "year": 2022, "price_per_day": "5000.00", "image": "cars/647ecc0c1cf23c4dae0378ec_647ecc2cddc471.16171025.jpg", "description": "Комфортный седан бизнес-класса.", "condition": "excellent", "status": "available"}}, {"model": "rentApp.car", "pk": 2, "fields": {"brand": "Hyundai", "model": "Solaris", "year": 2020, "price_per_day": "3500.00", "image": "cars/solyaris.jpg", "description": "Надежный и экономичный городской седан.", "condition": "excellent", "status": "available"}}, {"model": "rentApp.car", "pk": 3, "fields": {"brand": "BMW", "model": "X5", "year": 2022, "price_per_day": "12000.00", "image": "cars/x5.jpg", "description": "Полноразмерный кроссовер с премиальным салоном.", "condition": "excellent", "status": "available"}}, {"model": "rentApp.car", "pk": 4, "fields": {"brand": "Mercedes-Benz", "model": "E-Class", "year": 2021, "price_per_day": "10000.00", "image": "cars/eclass.jpg", "description": "Бизнес-седан с высоким уровнем комфорта.", "condition": "excellent", "status": "available"}}, {"model": "rentApp.car", "pk": 5, "fields": {"brand": "Kia", "model": "Rio", "year": 2019, "price_per_day": "3200.00", "image": "cars/rio.jpg", "description": "Бюджетный, но надежный вариант для поездок по городу.", "condition": "excellent", "status": "available"}}, {"model": "rentApp.car", "pk": 6, "fields": {"brand": "Volkswagen", "model": "Polo", "year": 2020, "price_per_day": "3400.00", "image": "cars/polo.jpg", "description": "Компактный седан с хорошей управляемостью.", "condition": "good", "status": "available"}}, {"model": "rentApp.car", "pk": 7, "fields": {"brand": "Audi", "model": "A6", "year": 2022, "price_per_day": "11000.00", "image": "cars/a6.jpg", "description": "Представительский седан с современными технологиями.", "condition": "excellent", "status": "available"}}, {"model": "rentApp.car", "pk": 8, "fields": {"brand": "Ford", "model": "Focus", "year": 2018, "price_per_day": "3700.00", "image": "cars/focus.jpg", "description": "Универсальный автомобиль для любых задач.", "condition": "excellent", "status": "available"}}, {"model": "rentApp.car", "pk": 9, "fields": {"brand": "Nissan", "model": "Qashqai", "year": 2021, "price_per_day": "5500.00", "image": "cars/qashqai.jpg", "description": "Кроссовер с хорошей проходимостью и удобным салоном.", "condition": "needs_repair", "status": "available"}}, {"model": "rentApp.car", "pk": 10, "fields": {"brand": "Renault", "model": "Logan", "year": 2019, "price_per_day": "3000.00", "image": "cars/logan.jpg", "description": "Просторный и надежный седан.", "condition": "excellent", "status": "available"}}, {"model": "rentApp.car", "pk": 11, "fields": {"brand": "Skoda", "model": "Octavia", "year": 2020, "price_per_day": "5000.00", "image": "cars/octavia.jpg", "description": "Универсальный и вместительный седан.", "condition": "excellent", "status": "available"}}, {"model": "rentApp.car", "pk": 12, "fields": {"brand": "Mazda", "model": "CX-5", "year": 2022, "price_per_day": "7000.00", "image": "cars/cx-5.jpg", "description": "Популярный кроссовер с динамичным двигателем.", "condition": "excellent", "status": "available"}}, {"model": "rentApp.car", "pk": 13, "fields": {"brand": "Chevrolet", "model": "Cruze", "year": 2017, "price_per_day": "3300.00", "image": "cars/cruze.jpg", "description": "Надежный и экономичный автомобиль.", "condition": "excellent", "status": "available"}}, {"model": "rentApp.car", "pk": 14, "fields": {"brand": "Lexus", "model": "RX 350", "year": 2022, "price_per_day": "13000.00", "image": "cars/rx350.jpg", "description": "Роскошный кроссовер с плавным ходом.", "condition": "excellent", "status": "available"}}, {"model": "rentApp.car", "pk": 15, "fields": {"brand": "Honda", "model": "Accord", "year": 2020, "price_per_day": "6000.00", "image": "cars/accord.jpg", "description": "Просторный и технологичный седан.", "condition": "excellent", "status": "available"}}, {"model": "rentApp.car", "pk": 16, "fields": {"brand": "Mitsubishi", "model": "Outlander", "year": 2021, "price_per_day": "6500.00", "image": "cars/outlander.jpg", "description": "Надежный кроссовер для поездок на дальние расстояния.", "condition": "excellent", "status": "available"}}, {"model": "rentApp.car", "pk": 17, "fields": {"brand": "Subaru", "model": "Forester", "year": 2022, "price_per_day": "7000.00", "image": "cars/forester.jpg", "description": "Полноприводный кроссовер с отличной управляемостью.", "condition": "excellent", "status": "available"}}, {"model": "rentApp.car", "pk": 18, "fields": {"brand": "Infiniti", "model": "Q50", "year": 2021, "price_per_day": "9000.00", "image": "cars/q50.jpg", "description": "Спортивный седан с премиальным интерьером.", "condition": "excellent", "status": "in_rent"}}, {"model": "rentApp.car", "pk": 19, "fields": {"brand": "Peugeot", "model": "408", "year": 2020, "price_per_day": "4200.00", "image": "cars/408.jpg", "description": "Европейский седан с хорошей динамикой.", "condition": "good", "status": "available"}}, {"model": "rentApp.car", "pk": 20, "fields": {"brand": "Tesla", "model": "Model 3", "year": 2023, "price_per_day": "15000.00", "image": "cars/model3.jpg", "description": "Электрический седан с автопилотом.", "condition": "excellent", "status": "in_rent"}}, {"model": "rentApp.rental", "pk": 11, "fields": {"user": 2, "car": 1, "start_date": "2025-03-05", "end_date": "2025-03-06", "total_price": "10000.00", "personal_info": {"full_name": "", "phone": "", "email": "", "address": "", "passport_number": "", "driver_license": ""}, "status": "completed", "created_at": "2025-03-05T14:44:45.081Z", "approved_by": 3, "approved_at": "2025-03-05T15:45:58.982Z", "return_date": "2025-03-06T13:02:21.303Z", "return_condition": "Уровень топлива: 70%. Без повреждений", "return_approved_by": null, "rejection_reason": null, "applied_discount": 0}}, {"model": "rentApp.rental", "pk": 14, "fields": {"user": 2, "car": 1, "start_date": "2025-03-06", "end_date": "2025-03-07", "total_price": "10000.00", "personal_info": {"fullName": "Иванов Иван Иванович", "email": "tt@mail.com", "phone": "89008005060", "address": "г. Санкт-Петербург, пр. Энгельса, 23", "passportNumber": "4219203040", "driverLicense": "4219203040"}, "status": "completed", "created_at": "2025-03-06T13:53:15.652Z", "approved_by": 3, "approved_at": "2025-03-06T13:55:41.456Z", "return_date": "2025-03-06T14:00:05.371Z", "return_condition": "Уровень топлива: 90%. Без повреждений", "return_approved_by": null, "rejection_reason": null, "applied_discount": 0}}, {"model": "rentApp.rental", "pk": 15, "fields": {"user": 2, "car": 3, "start_date": "2025-03-06", "end_date": "2025-03-07", "total_price": "24000.00", "personal_info": {"fullName": "Иванов Иван Иванович", "email": "tt@mail.com", "phone": "89008005060", "address": "г. Санкт-Петербург, пр. Энгельса, 23", "passportNumber": "4219203040", "driverLicense": "4219203040"}, "status": "completed", "created_at": "2025-03-06T14:00:24.255Z", "approved_by": 3, "approved_at": "2025-03-06T14:00:58.576Z", "return_date": "2025-03-06T14:01:11.062Z", "return_condition": "Уровень топлива: 90%. Без повреждений", "return_approved_by": null, "rejection_reason": null, "applied_discount": 0}}, {"model": "rentApp.rental", "pk": 16, "fields": {"user": 2, "car": 5, "start_date": "2025-03-09", "end_date": "2025-03-10", "total_price": "6080.00", "personal_info": {"fullName": "Иван Иванович Иванов", "email": "tt@mail.ru", "phone": "89008007070", "address": "г. Санкт-Петербург, пр. Энгельса, 23", "passportNumber": "4219203040", "driverLicense": "4219203040"}, "status": "completed", "created_at": "2025-03-08T22:51:04.802Z", "approved_by": 3, "approved_at": "2025-03-08T22:51:52.786Z", "return_date": "2025-03-08T22:52:56.049Z", "return_condition": "Уровень топлива: 80%. Без повреждений", "return_approved_by": null, "rejection_reason": null, "applied_discount": 0}}, {"model": "rentApp.rental", "pk": 17, "fields": {"user": 2, "car": 7, "start_date": "2025-03-09", "end_date": "2025-03-10", "total_price": "20900.00", "personal_info": {"fullName": "Иван Иванович Иванов", "email": "tt@mail.ru", "phone": "89008007070", "address": "г. Санкт-Петербург, пр. Энгельса, 23", "passportNumber": "4219203040", "driverLicense": "4219203040"}, "status": "completed", "created_at": "2025-03-08T22:52:43.686Z", "approved_by": 3, "approved_at": "2025-03-08T22:52:48.286Z", "return_date": "2025-03-08T22:53:44.035Z", "return_condition": "Уровень топлива: 80%. Без повреждений", "return_approved_by": null, "rejection_reason": null, "applied_discount": 0}}, {"model": "rentApp.rental", "pk": 18, "fields": {"user": 2, "car": 12, "start_date": "2025-03-09", "end_date": "2025-03-10", "total_price": "12600.00", "personal_info": {"fullName": "Иван Иванович Иванов", "email": "tt@mail.ru", "phone": "89008007070", "address": "г. Санкт-Петербург, пр. Энгельса, 23", "passportNumber": "4219203040", "driverLicense": "4219203040"}, "status": "completed", "created_at": "2025-03-08T23:19:54.282Z", "approved_by": 3, "approved_at": "2025-03-08T23:23:59.308Z", "return_date": "2025-03-08T23:49:51.487Z", "return_condition": "Уровень топлива: 40%. Повреждения: средние", "return_approved_by": null, "rejection_reason": null, "applied_discount": 10}}, {"model": "rentApp.rental", "pk": 21, "fields": {"user": 2, "car": 4, "start_date": "2025-03-09", "end_date": "2025-03-10", "total_price": "18000.00", "personal_info": {"fullName": "Иван Иванович Иванов", "email": "tt@mail.ru", "phone": "89008007070", "address": "г. Санкт-Петербург, пр. Энгельса, 23", "passportNumber": "4219203040", "driverLicense": "4219203040"}, "status": "completed", "created_at": "2025-03-09T00:11:21.429Z", "approved_by": 3, "approved_at": "2025-03-09T00:12:42.187Z", "return_date": "2025-03-09T00:13:03.179Z", "return_condition": "Уровень топлива: 30%. Повреждения: средние", "return_approved_by": null, "rejection_reason": null, "applied_discount": 0}}, {"model": "rentApp.rental", "pk": 22, "fields": {"user": 2, "car": 8, "start_date": "2025-03-09", "end_date": "2025-03-10", "total_price": "6660.00", "personal_info": {"fullName": "Иван Иванович Иванов", "email": "tt@mail.ru", "phone": "89008007070", "address": "г. Санкт-Петербург, пр. Энгельса, 23", "passportNumber": "4219203040", "driverLicense": "4219203040"}, "status": "rejected", "created_at": "2025-03-09T00:47:45.832Z", "approved_by": null, "approved_at": null, "return_date": null, "return_condition": null, "return_approved_by": null, "rejection_reason": "прост)", "applied_discount": 0}}, {"model": "rentApp.rental", "pk": 23, "fields": {"user": 2, "car": 13, "start_date": "2025-03-09", "end_date": "2025-03-10", "total_price": "5940.00", "personal_info": {"fullName": "Иван Иванович Иванов", "email": "tt@mail.ru", "phone": "89008007070", "address": "г. Санкт-Петербург, пр. Энгельса, 23", "passportNumber": "4219203040", "driverLicense": "4219203040"}, "status": "completed", "created_at": "2025-03-09T00:54:24.298Z", "approved_by": 3, "approved_at": "2025-03-09T00:54:32.474Z", "return_date": "2025-03-09T00:54:58.583Z", "return_condition": "Уровень топлива: 70%. Повреждения: серьезные", "return_approved_by": null, "rejection_reason": null, "applied_discount": 10}}, {"model": "rentApp.rental", "pk": 24, "fields": {"user": 2, "car": 18, "start_date": "2025-03-10", "end_date": "2025-03-11", "total_price": "16200.00", "personal_info": {"fullName": "Иван Иванович Иванов", "email": "tt@mail.ru", "phone": "89008007070", "address": "г. Санкт-Петербург, пр. Энгельса, 23", "passportNumber": "4219203040", "driverLicense": "4219203040"}, "status": "active", "created_at": "2025-03-10T16:20:35.232Z", "approved_by": 3, "approved_at": "2025-03-10T16:21:40.438Z", "return_date": null, "return_condition": null, "return_approved_by": null, "rejection_reason": null, "applied_discount": 10}}, {"model": "rentApp.rental", "pk": 25, "fields": {"user": 2, "car": 20, "start_date": "2025-03-14", "end_date": "2025-04-19", "total_price": "499500.00", "personal_info": {"fullName": "Иван Иванович Иванов", "email": "tt@mail.ru", "phone": "89008007070", "address": "г. Санкт-Петербург, пр. Энгельса, 23", "passportNumber": "4219203040", "driverLicense": "4219203040"}, "status": "active", "created_at": "2025-03-12T11:52:54.625Z", "approved_by": 3, "approved_at": "2025-03-12T13:03:53.143Z", "return_date": null, "return_condition": null, "return_approved_by": null, "rejection_reason": null, "applied_discount": 10}}, {"model": "rentApp.maintenance", "pk": 1, "fields": {"car": 13, "maintenance_date": "2025-03-09", "description": "Произведен ремонт карбюратора.", "cost": "7000.00", "status": "completed", "priority": "normal", "completed_date": "2025-03-09"}}, {"model": "rentApp.maintenance", "pk": 2, "fields": {"car": 10, "maintenance_date": "2025-03-09", "description": "Отремонтированы свечи зажигания.", "cost": "5000.00", "status": "completed", "priority": "high", "completed_date": "2025-03-09"}}, {"model": "rentApp.maintenance", "pk": 3, "fields": {"car": 5, "maintenance_date": "2025-03-09", "description": "Заменен двигатель.", "cost": "20000.00", "status": "completed", "priority": "normal", "completed_date": "2025-03-09"}}, {"model": "rentApp.maintenance", "pk": 4, "fields": {"car": 8, "maintenance_date": "2025-03-09", "description": "Произведена замена резины.", "cost": "8000.00", "status": "completed", "priority": "high", "completed_date": "2025-03-09"}}, {"model": "rentApp.maintenance", "pk": 5, "fields": {"car": 14, "maintenance_date": "2025-03-12", "description": "Все починилось))", "cost": "5000.00", "status": "completed", "priority": "normal", "completed_date": "2025-03-12"}}, {"model": "rentApp.maintenance", "pk": 6, "fields": {"car": 6, "maintenance_date": "2025-03-12", "description": "Все починилось))", "cost": "4000.00", "status": "completed", "priority": "normal", "completed_date": "2025-03-12"}}, {"model": "rentApp.maintenance", "pk": 7, "fields": {"car": 18, "maintenance_date": "2025-03-12", "description": "Все починилось))", "cost": "4000.00", "status": "completed", "priority": "normal", "completed_date": "2025-03-12"}}, {"model": "rentApp.maintenance", "pk": 8, "fields": {"car": 11, "maintenance_date": "2025-03-12", "description": "Все починилось))", "cost": "3000.00", "status": "completed", "priority": "normal", "completed_date": "2025-03-12"}}, {"model": "rentApp.maintenance", "pk": 9, "fields": {"car": 19, "maintenance_date": "2025-03-12", "description": "Все починилось))", "cost": "2000.00", "status": "completed", "priority": "normal", "completed_date": "2025-03-12"}}, {"model": "rentApp.maintenance", "pk": 10, "fields": {"car": 7, "maintenance_date": "2025-03-12", "description": "Все починилось))", "cost": "1000.00", "status": "completed", "priority": "normal", "completed_date": "2025-03-12"}}, {"model": "rentApp.penalty", "pk": 3, "fields": {"rental": 21, "amount": "23000.00", "description": "Низкий уровень топлива (30%): 5000 руб.; Повреждения (средние): 18000.000 руб.", "created_at": "2025-03-09T00:13:03.186Z", "is_paid": true, "paid_at": "2025-03-09T16:33:51.832Z"}}, {"model": "rentApp.penalty", "pk": 4, "fields": {"rental": 23, "amount": "8910.00", "description": "Повреждения (серьезные): 8910.000 руб.", "created_at": "2025-03-09T00:54:58.591Z", "is_paid": false, "paid_at": null}}, {"model": "rentApp.penalty", "pk": 5, "fields": {"rental": 24, "amount": "10000.00", "description": "Штрафик))", "created_at": "2025-03-12T11:48:49.655Z", "is_paid": false, "paid_at": "2025-03-12T11:48:45Z"}}, {"model": "rentApp.penalty", "pk": 6, "fields": {"rental": 22, "amount": "4000.00", "description": "Штрафик))", "created_at": "2025-03-12T11:48:58.990Z", "is_paid": true, "paid_at": "2025-03-12T11:51:22.684Z"}}, {"model": "rentApp.penalty", "pk": 7, "fields": {"rental": 16, "amount": "10000.00", "description": "Штрафик))", "created_at": "2025-03-12T11:49:14.321Z", "is_paid": true, "paid_at": "2025-03-12T11:53:39.164Z"}}, {"model": "rentApp.penalty", "pk": 8, "fields": {"rental": 18, "amount": "5000.00", "description": "Штрафик))", "created_at": "2025-03-12T11:49:23.683Z", "is_paid": false, "paid_at": "2025-03-12T11:49:22Z"}}, {"model": "rentApp.penalty", "pk": 9, "fields": {"rental": 15, "amount": "13000.00", "description": "Штрафик))", "created_at": "2025-03-12T11:49:36.015Z", "is_paid": false, "paid_at": "2025-03-12T11:49:33Z"}}, {"model": "rentApp.penalty", "pk": 10, "fields": {"rental": 17, "amount": "7000.00", "description": "Штрафик))", "created_at": "2025-03-12T11:49:44.297Z", "is_paid": false, "paid_at": "2025-03-12T11:49:43Z"}}, {"model": "rentApp.penalty", "pk": 11, "fields": {"rental": 21, "amount": "10000.00", "description": "Штрафик))", "created_at": "2025-03-12T11:49:56.286Z", "is_paid": true, "paid_at": "2025-03-12T11:50:50.872Z"}}, {"model": "rentApp.penalty", "pk": 12, "fields": {"rental": 14, "amount": "7000.00", "description": "Штрафик))", "created_at": "2025-03-12T11:50:06.033Z", "is_paid": false, "paid_at": "2025-03-12T11:50:04Z"}}, {"model": "rentApp.profile", "pk": 1, "fields": {"user": 2, "full_name": "", "phone": "", "email": "", "address": "", "passport_number": "", "driver_license": "", "discount": null}}, {"model": "authtoken.token", "pk": "595c2fc02fedd492657914f20750b927739c82ac", "fields": {"user": 5, "created": "2025-03-08T23:06:43.807Z"}}, {"model": "authtoken.token", "pk": "b085274116ddbd9c3f63bb52d644ec1d201a574f", "fields": {"user": 3, "created": "2025-03-05T13:08:54.033Z"}}, {"model": "authtoken.token", "pk": "c35ba95b6e43b13d3b05d56eefa7f0e344b16343", "fields": {"user": 6, "created": "2025-03-08T23:06:30.409Z"}}, {"model": "authtoken.token", "pk": "ca30f4a400c65ccd8046b170c0a80682df25807d", "fields": {"user": 2, "created": "2025-03-02T20:24:32.301Z"}}, {"model": "authtoken.token", "pk": "d5a443aed369d020c323c130297e2c0b9e22d85f", "fields": {"user": 4, "created": "2025-03-08T23:04:02.121Z"}}, {"model": "authtoken.token", "pk": "e6e49360c24a7458d6ef8499657c53d07326a341", "fields": {"user": 7, "created": "2025-03-12T05:22:03.633Z"}}]